<?xml version="1.0" encoding="UTF-8"?>
<metadata xml:lang="en"><Esri><CreaDate>20210813</CreaDate><CreaTime>14130700</CreaTime><ArcGISFormat>1.0</ArcGISFormat><SyncOnce>TRUE</SyncOnce><DataProperties><lineage><Process ToolSource="c:\program files\arcgis\pro\Resources\ArcToolbox\toolboxes\Conversion Tools.tbx\FeatureClassToFeatureClass" Date="20210813" Time="141307">FeatureClassToFeatureClass tl_2020_08_county20 F:\Census2020\AugustRelease\Geo_With_Data County_Data_2020.shp # "STATEFP20 "STATEFP20" true true false 2 Text 0 0,First,#,tl_2020_08_county20,tl_2020_08_county20.STATEFP20,0,2;COUNTYFP20 "COUNTYFP20" true true false 3 Text 0 0,First,#,tl_2020_08_county20,tl_2020_08_county20.COUNTYFP20,0,3;COUNTYNS20 "COUNTYNS20" true true false 8 Text 0 0,First,#,tl_2020_08_county20,tl_2020_08_county20.COUNTYNS20,0,8;GEOID20 "GEOID20" true true false 5 Text 0 0,First,#,tl_2020_08_county20,tl_2020_08_county20.GEOID20,0,5;NAME20 "NAME20" true true false 100 Text 0 0,First,#,tl_2020_08_county20,tl_2020_08_county20.NAME20,0,100;NAMELSAD20 "NAMELSAD20" true true false 100 Text 0 0,First,#,tl_2020_08_county20,tl_2020_08_county20.NAMELSAD20,0,100;LSAD20 "LSAD20" true true false 2 Text 0 0,First,#,tl_2020_08_county20,tl_2020_08_county20.LSAD20,0,2;CLASSFP20 "CLASSFP20" true true false 2 Text 0 0,First,#,tl_2020_08_county20,tl_2020_08_county20.CLASSFP20,0,2;MTFCC20 "MTFCC20" true true false 5 Text 0 0,First,#,tl_2020_08_county20,tl_2020_08_county20.MTFCC20,0,5;CSAFP20 "CSAFP20" true true false 3 Text 0 0,First,#,tl_2020_08_county20,tl_2020_08_county20.CSAFP20,0,3;CBSAFP20 "CBSAFP20" true true false 5 Text 0 0,First,#,tl_2020_08_county20,tl_2020_08_county20.CBSAFP20,0,5;METDIVFP20 "METDIVFP20" true true false 5 Text 0 0,First,#,tl_2020_08_county20,tl_2020_08_county20.METDIVFP20,0,5;FUNCSTAT20 "FUNCSTAT20" true true false 1 Text 0 0,First,#,tl_2020_08_county20,tl_2020_08_county20.FUNCSTAT20,0,1;ALAND20 "ALAND20" true true false 14 Double 0 14,First,#,tl_2020_08_county20,tl_2020_08_county20.ALAND20,-1,-1;AWATER20 "AWATER20" true true false 14 Double 0 14,First,#,tl_2020_08_county20,tl_2020_08_county20.AWATER20,-1,-1;INTPTLAT20 "INTPTLAT20" true true false 11 Text 0 0,First,#,tl_2020_08_county20,tl_2020_08_county20.INTPTLAT20,0,11;INTPTLON20 "INTPTLON20" true true false 12 Text 0 0,First,#,tl_2020_08_county20,tl_2020_08_county20.INTPTLON20,0,12;GEOTXT "GEOTXT" true true false 10 Text 0 0,First,#,tl_2020_08_county20,tl_2020_08_county20.GEOTXT,0,10;GEOCODE "GEOCODE" true true false 4 Long 0 0,First,#,tl_2020_08_county20,countyshort.csv.GEOCODE,-1,-1;BASENAME "BASENAME" true true false 8000 Text 0 0,First,#,tl_2020_08_county20,countyshort.csv.BASENAME,0,8000;FUNCSTAT "FUNCSTAT" true true false 8000 Text 0 0,First,#,tl_2020_08_county20,countyshort.csv.FUNCSTAT,0,8000;TOTALPOP "TOTALPOP" true true false 4 Long 0 0,First,#,tl_2020_08_county20,countyshort.csv.TOTALPOP,-1,-1;WHITEALONE "WHITEALONE" true true false 4 Long 0 0,First,#,tl_2020_08_county20,countyshort.csv.WHITEALONE,-1,-1;BLACKALONE "BLACKALONE" true true false 4 Long 0 0,First,#,tl_2020_08_county20,countyshort.csv.BLACKALONE,-1,-1;AMERIALONE "AMERIALONE" true true false 4 Long 0 0,First,#,tl_2020_08_county20,countyshort.csv.AMERIALONE,-1,-1;ASIANALONE "ASIANALONE" true true false 4 Long 0 0,First,#,tl_2020_08_county20,countyshort.csv.ASIANALONE,-1,-1;PIALONE "PIALONE" true true false 4 Long 0 0,First,#,tl_2020_08_county20,countyshort.csv.PIALONE,-1,-1;OTHERALONE "OTHERALONE" true true false 4 Long 0 0,First,#,tl_2020_08_county20,countyshort.csv.OTHERALONE,-1,-1;MULTIALONE "MULTIALONE" true true false 4 Long 0 0,First,#,tl_2020_08_county20,countyshort.csv.MULTIALONE,-1,-1;HISPANIC "HISPANIC" true true false 4 Long 0 0,First,#,tl_2020_08_county20,countyshort.csv.HISPANIC,-1,-1;NOTHISP "NOTHISP" true true false 4 Long 0 0,First,#,tl_2020_08_county20,countyshort.csv.NOTHISP,-1,-1;NHWHITE "NHWHITE" true true false 4 Long 0 0,First,#,tl_2020_08_county20,countyshort.csv.NHWHITE,-1,-1;NHBLACK "NHBLACK" true true false 4 Long 0 0,First,#,tl_2020_08_county20,countyshort.csv.NHBLACK,-1,-1;NHAMERI "NHAMERI" true true false 4 Long 0 0,First,#,tl_2020_08_county20,countyshort.csv.NHAMERI,-1,-1;NHASIAN "NHASIAN" true true false 4 Long 0 0,First,#,tl_2020_08_county20,countyshort.csv.NHASIAN,-1,-1;NHPI "NHPI" true true false 4 Long 0 0,First,#,tl_2020_08_county20,countyshort.csv.NHPI,-1,-1;NHOTHER "NHOTHER" true true false 4 Long 0 0,First,#,tl_2020_08_county20,countyshort.csv.NHOTHER,-1,-1;NHMULTI "NHMULTI" true true false 4 Long 0 0,First,#,tl_2020_08_county20,countyshort.csv.NHMULTI,-1,-1;POP18 "POP18" true true false 4 Long 0 0,First,#,tl_2020_08_county20,countyshort.csv.POP18,-1,-1;WHITE18 "WHITE18" true true false 4 Long 0 0,First,#,tl_2020_08_county20,countyshort.csv.WHITE18,-1,-1;BLACK18 "BLACK18" true true false 4 Long 0 0,First,#,tl_2020_08_county20,countyshort.csv.BLACK18,-1,-1;AMERI18 "AMERI18" true true false 4 Long 0 0,First,#,tl_2020_08_county20,countyshort.csv.AMERI18,-1,-1;ASIAN18 "ASIAN18" true true false 4 Long 0 0,First,#,tl_2020_08_county20,countyshort.csv.ASIAN18,-1,-1;PI18 "PI18" true true false 4 Long 0 0,First,#,tl_2020_08_county20,countyshort.csv.PI18,-1,-1;OTHER18 "OTHER18" true true false 4 Long 0 0,First,#,tl_2020_08_county20,countyshort.csv.OTHER18,-1,-1;MULTI18 "MULTI18" true true false 4 Long 0 0,First,#,tl_2020_08_county20,countyshort.csv.MULTI18,-1,-1;HISP18 "HISP18" true true false 4 Long 0 0,First,#,tl_2020_08_county20,countyshort.csv.HISP18,-1,-1;NOTHISP18 "NOTHISP18" true true false 4 Long 0 0,First,#,tl_2020_08_county20,countyshort.csv.NOTHISP18,-1,-1;NHWHITE18 "NHWHITE18" true true false 4 Long 0 0,First,#,tl_2020_08_county20,countyshort.csv.NHWHITE18,-1,-1;NHBLACK18 "NHBLACK18" true true false 4 Long 0 0,First,#,tl_2020_08_county20,countyshort.csv.NHBLACK18,-1,-1;NHAMERI18 "NHAMERI18" true true false 4 Long 0 0,First,#,tl_2020_08_county20,countyshort.csv.NHAMERI18,-1,-1;NHASIAN18 "NHASIAN18" true true false 4 Long 0 0,First,#,tl_2020_08_county20,countyshort.csv.NHASIAN18,-1,-1;NHPI18 "NHPI18" true true false 4 Long 0 0,First,#,tl_2020_08_county20,countyshort.csv.NHPI18,-1,-1;NHOTHER18 "NHOTHER18" true true false 4 Long 0 0,First,#,tl_2020_08_county20,countyshort.csv.NHOTHER18,-1,-1;NHMULTI18 "NHMULTI18" true true false 4 Long 0 0,First,#,tl_2020_08_county20,countyshort.csv.NHMULTI18,-1,-1;HOUSEUNIT "HOUSEUNIT" true true false 4 Long 0 0,First,#,tl_2020_08_county20,countyshort.csv.HOUSEUNIT,-1,-1;OCCUPIED "OCCUPIED" true true false 4 Long 0 0,First,#,tl_2020_08_county20,countyshort.csv.OCCUPIED,-1,-1;VACANT "VACANT" true true false 4 Long 0 0,First,#,tl_2020_08_county20,countyshort.csv.VACANT,-1,-1;GQPOP "GQPOP" true true false 4 Long 0 0,First,#,tl_2020_08_county20,countyshort.csv.GQPOP,-1,-1;INSTITPOP "INSTITPOP" true true false 4 Long 0 0,First,#,tl_2020_08_county20,countyshort.csv.INSTITPOP,-1,-1;CORRPOP "CORRPOP" true true false 4 Long 0 0,First,#,tl_2020_08_county20,countyshort.csv.CORRPOP,-1,-1;JUVPOP "JUVPOP" true true false 4 Long 0 0,First,#,tl_2020_08_county20,countyshort.csv.JUVPOP,-1,-1;NURSINGPOP "NURSINGPOP" true true false 4 Long 0 0,First,#,tl_2020_08_county20,countyshort.csv.NURSINGPOP,-1,-1;OINSTITPOP "OINSTITPOP" true true false 4 Long 0 0,First,#,tl_2020_08_county20,countyshort.csv.OINSTITPOP,-1,-1;NONINSTPOP "NONINSTPOP" true true false 4 Long 0 0,First,#,tl_2020_08_county20,countyshort.csv.NONINSTPOP,-1,-1;COLLEGEPOP "COLLEGEPOP" true true false 4 Long 0 0,First,#,tl_2020_08_county20,countyshort.csv.COLLEGEPOP,-1,-1;MILITPOP "MILITPOP" true true false 4 Long 0 0,First,#,tl_2020_08_county20,countyshort.csv.MILITPOP,-1,-1;ONINSTITPO "ONINSTITPOP" true true false 4 Long 0 0,First,#,tl_2020_08_county20,countyshort.csv.ONINSTITPOP,-1,-1;GEOTXT_1 "GEOTXT" true true false 8000 Text 0 0,First,#,tl_2020_08_county20,countyshort.csv.GEOTXT,0,8000" #</Process><Process ToolSource="c:\program files\arcgis\pro\Resources\ArcToolbox\toolboxes\Data Management Tools.tbx\DeleteField" Date="20210813" Time="143533">DeleteField County_Data_2020 ALAND20;AWATER20;CBSAFP20;CLASSFP20;CSAFP20;FUNCSTAT;FUNCSTAT20;GEOCODE;GEOTXT_1;INTPTLAT20;INTPTLON20;LSAD20;METDIVFP20;MTFCC20</Process><Process ToolSource="c:\program files\arcgis\pro\Resources\ArcToolbox\toolboxes\Data Management Tools.tbx\DeleteField" Date="20210813" Time="144454">DeleteField County_Data_2020 STATEFP20</Process><Process ToolSource="c:\program files\arcgis\pro\Resources\ArcToolbox\toolboxes\Data Management Tools.tbx\DeleteField" Date="20210813" Time="144505">DeleteField County_Data_2020 BASENAME</Process></lineage><LayerFile>{"type":"CIMLayerDocument","version":"2.6.0","build":24783,"layers":["CIMPATH=map/county_data_2020.xml"],"layerDefinitions":[{"type":"CIMFeatureLayer","name":"County_Data_2020","uRI":"CIMPATH=map/county_data_2020.xml","sourceModifiedTime":{"type":"TimeInstant"},"useSourceMetadata":true,"description":"County_Data_2020","layerElevation":{"type":"CIMLayerElevationSurface","mapElevationID":"{0D5ACFA7-76AD-40D7-8C62-848B648DE532}"},"expanded":true,"layerType":"Operational","showLegends":true,"visibility":true,"displayCacheType":"Permanent","maxDisplayCacheAge":5,"showPopups":true,"serviceLayerID":-1,"refreshRate":-1,"refreshRateUnit":"esriTimeUnitsSeconds","autoGenerateFeatureTemplates":true,"featureElevationExpression":"0","featureTable":{"type":"CIMFeatureTable","displayField":"NAME20","editable":true,"dataConnection":{"type":"CIMStandardDataConnection","workspaceConnectionString":"DATABASE=F:\\Census2020\\AugustRelease\\Geo_With_Data","workspaceFactory":"Shapefile","dataset":"County_Data_2020","datasetType":"esriDTFeatureClass"},"studyAreaSpatialRel":"esriSpatialRelUndefined","searchOrder":"esriSearchOrderSpatial"},"htmlPopupEnabled":true,"selectable":true,"featureCacheType":"Session","displayFiltersType":"ByScale","labelClasses":[{"type":"CIMLabelClass","expression":"$feature['tl_2020_08_county20.NAME20']","expressionEngine":"Arcade","featuresToLabel":"AllVisibleFeatures","maplexLabelPlacementProperties":{"type":"CIMMaplexLabelPlacementProperties","featureType":"Polygon","avoidPolygonHoles":true,"canOverrunFeature":true,"canPlaceLabelOutsidePolygon":true,"canRemoveOverlappingLabel":true,"canStackLabel":true,"connectionType":"Unambiguous","constrainOffset":"NoConstraint","contourAlignmentType":"Page","contourLadderType":"Straight","contourMaximumAngle":90,"enableConnection":true,"featureWeight":0,"fontHeightReductionLimit":4,"fontHeightReductionStep":0.5,"fontWidthReductionLimit":90,"fontWidthReductionStep":5,"graticuleAlignmentType":"Straight","keyNumberGroupName":"Default","labelBuffer":15,"labelLargestPolygon":true,"labelPriority":-1,"labelStackingProperties":{"type":"CIMMaplexLabelStackingProperties","stackAlignment":"ChooseBest","maximumNumberOfLines":3,"minimumNumberOfCharsPerLine":3,"maximumNumberOfCharsPerLine":24,"separators":[{"type":"CIMMaplexStackingSeparator","separator":" ","splitAfter":true},{"type":"CIMMaplexStackingSeparator","separator":",","visible":true,"splitAfter":true}]},"lineFeatureType":"General","linePlacementMethod":"OffsetCurvedFromLine","maximumLabelOverrun":80,"maximumLabelOverrunUnit":"Point","minimumFeatureSizeUnit":"Map","multiPartOption":"OneLabelPerPart","offsetAlongLineProperties":{"type":"CIMMaplexOffsetAlongLineProperties","placementMethod":"BestPositionAlongLine","labelAnchorPoint":"CenterOfLabel","distanceUnit":"Percentage","useLineDirection":true},"pointExternalZonePriorities":{"type":"CIMMaplexExternalZonePriorities","aboveLeft":4,"aboveCenter":2,"aboveRight":1,"centerRight":3,"belowRight":5,"belowCenter":7,"belowLeft":8,"centerLeft":6},"pointPlacementMethod":"AroundPoint","polygonAnchorPointType":"GeometricCenter","polygonBoundaryWeight":0,"polygonExternalZones":{"type":"CIMMaplexExternalZonePriorities","aboveLeft":4,"aboveCenter":2,"aboveRight":1,"centerRight":3,"belowRight":5,"belowCenter":7,"belowLeft":8,"centerLeft":6},"polygonFeatureType":"General","polygonInternalZones":{"type":"CIMMaplexInternalZonePriorities","center":1},"polygonPlacementMethod":"HorizontalInPolygon","primaryOffset":1,"primaryOffsetUnit":"Point","removeExtraWhiteSpace":true,"repetitionIntervalUnit":"Point","rotationProperties":{"type":"CIMMaplexRotationProperties","rotationType":"Arithmetic","alignmentType":"Straight"},"secondaryOffset":100,"strategyPriorities":{"type":"CIMMaplexStrategyPriorities","stacking":1,"overrun":2,"fontCompression":3,"fontReduction":4,"abbreviation":5},"thinningDistanceUnit":"Point","truncationMarkerCharacter":".","truncationMinimumLength":1,"truncationPreferredCharacters":"aeiou","truncationExcludedCharacters":"0123456789"},"name":"Class 1","priority":-1,"standardLabelPlacementProperties":{"type":"CIMStandardLabelPlacementProperties","featureType":"Line","featureWeight":"Low","labelWeight":"High","numLabelsOption":"OneLabelPerName","lineLabelPosition":{"type":"CIMStandardLineLabelPosition","above":true,"inLine":true,"parallel":true},"lineLabelPriorities":{"type":"CIMStandardLineLabelPriorities","aboveStart":3,"aboveAlong":3,"aboveEnd":3,"centerStart":3,"centerAlong":3,"centerEnd":3,"belowStart":3,"belowAlong":3,"belowEnd":3},"pointPlacementMethod":"AroundPoint","pointPlacementPriorities":{"type":"CIMStandardPointPlacementPriorities","aboveLeft":2,"aboveCenter":2,"aboveRight":1,"centerLeft":3,"centerRight":2,"belowLeft":3,"belowCenter":3,"belowRight":2},"rotationType":"Arithmetic","polygonPlacementMethod":"AlwaysHorizontal"},"textSymbol":{"type":"CIMSymbolReference","symbol":{"type":"CIMTextSymbol","blockProgression":"TTB","depth3D":1,"extrapolateBaselines":true,"fontEffects":"Normal","fontEncoding":"Unicode","fontFamilyName":"Tahoma","fontStyleName":"Regular","fontType":"Unspecified","haloSize":1,"height":10,"hinting":"Default","horizontalAlignment":"Left","kerning":true,"letterWidth":100,"ligatures":true,"lineGapType":"ExtraLeading","symbol":{"type":"CIMPolygonSymbol","symbolLayers":[{"type":"CIMSolidFill","enable":true,"color":{"type":"CIMRGBColor","values":[0,0,0,100]}}]},"textCase":"Normal","textDirection":"LTR","verticalAlignment":"Bottom","verticalGlyphOrientation":"Right","wordSpacing":100,"billboardMode3D":"FaceNearPlane"}},"useCodedValue":true,"visibility":true,"iD":-1}],"renderer":{"type":"CIMSimpleRenderer","patch":"Default","symbol":{"type":"CIMSymbolReference","symbol":{"type":"CIMPolygonSymbol","symbolLayers":[{"type":"CIMSolidStroke","enable":true,"capStyle":"Round","joinStyle":"Round","lineStyle3D":"Strip","miterLimit":10,"width":0.69999999999999996,"color":{"type":"CIMRGBColor","values":[110,110,110,100]}},{"type":"CIMSolidFill","enable":true,"color":{"type":"CIMRGBColor","values":[189.34,226.150000000000006,252.449999999999989,100]}}]}}},"scaleSymbols":true,"snappable":true}]}</LayerFile></DataProperties></Esri></metadata>
