<?xml version="1.0" encoding="UTF-8"?>
<metadata>
  <idinfo>
    <citation>
      <citeinfo>
        <origin>U.S. Geological Survey</origin>
        <pubdate>2005</pubdate>
        <title>Active Mines and Mineral Processing Plants in the United States in 2003</title>
        <geoform>vector digital data</geoform>
        <pubinfo>
          <pubplace>Reston, Virginia</pubplace>
          <publish>U.S. Geological Survey</publish>
        </pubinfo>
        <onlink>https://mrdata.usgs.gov/mineplant/</onlink>
      </citeinfo>
    </citation>
    <descript>
      <abstract>This data set includes mineral and metal operations in the United States. The data represent commodities monitored by the National Minerals Information Center of the USGS, and the operations included are those considered active in 2003 and surveyed by the MIT.</abstract>
      <purpose>The digital data set of the National Minerals Information Center is used to create electronic and hard copy maps that depict various mineral or metal mine and/or processing locations on a national map.  The data are meant to give an overview of mining and mineral processing operations in the United States.</purpose>
      <supplinf>Additional mineral and metal operations information can be obtained from the U.S. Geological Survey National Minerals Information Center web page at:
https://www.usgs.gov/centers/nmic</supplinf>
    </descript>
    <timeperd>
      <timeinfo>
        <sngdate>
          <caldate>2003</caldate>
        </sngdate>
      </timeinfo>
      <current>ground condition</current>
    </timeperd>
    <status>
      <progress>Complete</progress>
      <update>None planned</update>
    </status>
    <spdom>
      <bounding>
        <westbc>-108.7266</westbc>
        <eastbc>-102.1829</eastbc>
        <northbc>40.997</northbc>
        <southbc>37.078</southbc>
      </bounding>
    </spdom>
    <keywords>
      <theme>
        <themekt>None</themekt>
        <themekey>minerals</themekey>
        <themekey>metals</themekey>
        <themekey>mines</themekey>
        <themekey>mining operations</themekey>
        <themekey>mineral operations</themekey>
        <themekey>metal operations</themekey>
        <themekey>Aluminum</themekey>
        <themekey>Asbestos</themekey>
        <themekey>Ball clay</themekey>
        <themekey>Barite</themekey>
        <themekey>Bentonite</themekey>
        <themekey>Beryllium</themekey>
        <themekey>Bismuth</themekey>
        <themekey>Boron</themekey>
        <themekey>Bromine</themekey>
        <themekey>Cadmium</themekey>
        <themekey>Cement</themekey>
        <themekey>Chromium</themekey>
        <themekey>Cobalt</themekey>
        <themekey>Columbium</themekey>
        <themekey>Niobium</themekey>
        <themekey>Copper</themekey>
        <themekey>Diatomite</themekey>
        <themekey>Dimension Stone</themekey>
        <themekey>Feldspar</themekey>
        <themekey>Fullers Earth</themekey>
        <themekey>Garnet</themekey>
        <themekey>Gemstones</themekey>
        <themekey>Gold</themekey>
        <themekey>Gypsum</themekey>
        <themekey>Industrial Sand and Gravel</themekey>
        <themekey>Iron ore</themekey>
        <themekey>Iron oxide</themekey>
        <themekey>Kaolin</themekey>
        <themekey>Kyanite</themekey>
        <themekey>Lead</themekey>
        <themekey>Lime</themekey>
        <themekey>Lithium</themekey>
        <themekey>Magnesite</themekey>
        <themekey>Magnesium compounds</themekey>
        <themekey>Manganese</themekey>
        <themekey>Mercury</themekey>
        <themekey>Mica</themekey>
        <themekey>Molybdenum</themekey>
        <themekey>Nickel</themekey>
        <themekey>Niobium (Columbium)</themekey>
        <themekey>Olivine</themekey>
        <themekey>Peat</themekey>
        <themekey>Perlite</themekey>
        <themekey>Phosphate rock</themekey>
        <themekey>Platinum-group metals</themekey>
        <themekey>Potash</themekey>
        <themekey>Pumice</themekey>
        <themekey>Rare-earth metals</themekey>
        <themekey>Rhenium</themekey>
        <themekey>Rubidium</themekey>
        <themekey>Salt</themekey>
        <themekey>Selenium</themekey>
        <themekey>Silica</themekey>
        <themekey>Silicon</themekey>
        <themekey>Silver</themekey>
        <themekey>Soda Ash (Trona)</themekey>
        <themekey>Sodium sulfate</themekey>
        <themekey>Strontium</themekey>
        <themekey>Sulfur</themekey>
        <themekey>Synthetic Mullite</themekey>
        <themekey>Talc</themekey>
        <themekey>Tellurium</themekey>
        <themekey>Thorium</themekey>
        <themekey>Tin</themekey>
        <themekey>Titanium metal</themekey>
        <themekey>Titanium mineral</themekey>
        <themekey>Titanium pigment</themekey>
        <themekey>Trona (Soda Ash)</themekey>
        <themekey>Tungsten</themekey>
        <themekey>Vanadium</themekey>
        <themekey>Vermiculite</themekey>
        <themekey>Wollastonite</themekey>
        <themekey>Zeolites</themekey>
        <themekey>Zinc</themekey>
        <themekey>Zircon</themekey>
      </theme>
      <theme>
        <themekt>ISO 19115 Topic Category</themekt>
        <themekey>geoscientificInformation</themekey>
      </theme>
      <theme>
        <themekt>Alexandria Digital Library Feature Type Thesaurus</themekt>
        <themekey>mine sites</themekey>
      </theme>
      <theme>
        <themekt>General glossary for mineral resources spatial data</themekt>
        <themekey>columnar text</themekey>
        <themekey>DBF</themekey>
        <themekey>HTML table</themekey>
        <themekey>KML</themekey>
        <themekey>OGC WFS</themekey>
        <themekey>OGC WMS</themekey>
        <themekey>shapefile</themekey>
      </theme>
      <theme>
        <themekt>USGS Thesaurus</themekt>
        <themekey>economic geology</themekey>
        <themekey>geospatial datasets</themekey>
        <themekey>mineral resources</themekey>
        <themekey>mining and quarrying</themekey>
      </theme>
      <place>
        <placekt>Common geographic areas</placekt>
        <placekey>fUS01 = Alabama</placekey>
        <placekey>fUS02 = Alaska</placekey>
        <placekey>fUS04 = Arizona</placekey>
        <placekey>fUS05 = Arkansas</placekey>
        <placekey>fUS06 = California</placekey>
        <placekey>fUS08 = Colorado</placekey>
        <placekey>fUS09 = Connecticut</placekey>
        <placekey>fUS10 = Delaware</placekey>
        <placekey>fUS12 = Florida</placekey>
        <placekey>fUS13 = Georgia</placekey>
        <placekey>fUS15 = Hawaii</placekey>
        <placekey>fUS16 = Idaho</placekey>
        <placekey>fUS17 = Illinois</placekey>
        <placekey>fUS18 = Indiana</placekey>
        <placekey>fUS19 = Iowa</placekey>
        <placekey>fUS20 = Kansas</placekey>
        <placekey>fUS21 = Kentucky</placekey>
        <placekey>fUS22 = Louisiana</placekey>
        <placekey>fUS23 = Maine</placekey>
        <placekey>fUS24 = Maryland</placekey>
        <placekey>fUS25 = Massachusetts</placekey>
        <placekey>fUS26 = Michigan</placekey>
        <placekey>fUS27 = Minnesota</placekey>
        <placekey>fUS28 = Mississippi</placekey>
        <placekey>fUS29 = Missouri</placekey>
        <placekey>fUS30 = Montana</placekey>
        <placekey>fUS31 = Nebraska</placekey>
        <placekey>fUS32 = Nevada</placekey>
        <placekey>fUS33 = New Hampshire</placekey>
        <placekey>fUS34 = New Jersey</placekey>
        <placekey>fUS35 = New Mexico</placekey>
        <placekey>fUS36 = New York</placekey>
        <placekey>fUS37 = North Carolina</placekey>
        <placekey>fUS38 = North Dakota</placekey>
        <placekey>fUS39 = Ohio</placekey>
        <placekey>fUS40 = Oklahoma</placekey>
        <placekey>fUS41 = Oregon</placekey>
        <placekey>fUS42 = Pennsylvania</placekey>
        <placekey>fUS44 = Rhode Island</placekey>
        <placekey>fUS45 = South Carolina</placekey>
        <placekey>fUS46 = South Dakota</placekey>
        <placekey>fUS47 = Tennessee</placekey>
        <placekey>fUS48 = Texas</placekey>
        <placekey>fUS49 = Utah</placekey>
        <placekey>fUS50 = Vermont</placekey>
        <placekey>fUS51 = Virginia</placekey>
        <placekey>fUS53 = Washington</placekey>
        <placekey>fUS54 = West Virginia</placekey>
        <placekey>fUS55 = Wisconsin</placekey>
        <placekey>fUS56 = Wyoming</placekey>
      </place>
      <place>
        <placekt>U.S. Department of Commerce, 1995, Countries, Dependencies, Areas of Special Sovereignty, and Their Principal Administrative Divisions (Federal Information Processing Standard (FIPS) 10-4): Washington, D.C., National Institute of Standards and Technology.</placekt>
        <placekey>United States</placekey>
      </place>
      <place>
        <placekt>U.S. Department of Commerce, 1987, Codes for the Identification of the States, the District of Columbia and the Outlying Areas of the United States, and Associated Areas (Federal Information Processing Standard (FIPS) 5-2): Washington, D.C., National Institute of Standards and Technology.</placekt>
        <placekey>Alaska</placekey>
        <placekey>Alabama</placekey>
        <placekey>Arkansas</placekey>
        <placekey>Arizona</placekey>
        <placekey>California</placekey>
        <placekey>Colorado</placekey>
        <placekey>Connecticut</placekey>
        <placekey>Delaware</placekey>
        <placekey>Florida</placekey>
        <placekey>Georgia</placekey>
        <placekey>Hawaii</placekey>
        <placekey>Idaho</placekey>
        <placekey>Iowa</placekey>
        <placekey>Illinois</placekey>
        <placekey>Indiana</placekey>
        <placekey>Kansas</placekey>
        <placekey>Kentucky</placekey>
        <placekey>Louisiana</placekey>
        <placekey>Maine</placekey>
        <placekey>Massachusetts</placekey>
        <placekey>Maryland</placekey>
        <placekey>Michigan</placekey>
        <placekey>Minnesota</placekey>
        <placekey>Missouri</placekey>
        <placekey>Mississippi</placekey>
        <placekey>Montana</placekey>
        <placekey>North Carolina</placekey>
        <placekey>North Dakota</placekey>
        <placekey>Nebraska</placekey>
        <placekey>New Hampshire</placekey>
        <placekey>New Jersey</placekey>
        <placekey>New Mexico</placekey>
        <placekey>Nevada</placekey>
        <placekey>New York</placekey>
        <placekey>Ohio</placekey>
        <placekey>Oklahoma</placekey>
        <placekey>Oregon</placekey>
        <placekey>Pennsylvania</placekey>
        <placekey>Rhode Island</placekey>
        <placekey>South Carolina</placekey>
        <placekey>South Dakota</placekey>
        <placekey>Tennessee</placekey>
        <placekey>Texas</placekey>
        <placekey>Utah</placekey>
        <placekey>Vermont</placekey>
        <placekey>Virginia</placekey>
        <placekey>Wisconsin</placekey>
        <placekey>Washington</placekey>
        <placekey>West Virginia</placekey>
        <placekey>Wyoming</placekey>
      </place>
    <place><placekt>Common Geographic Areas</placekt><placekey>fUS08</placekey></place></keywords>
    <accconst>None</accconst>
    <useconst>None.  Acknowledgment of the National Minerals Information Center, U.S. Geological Survey, Department of the Interior, government of the United States of America would be appreciated in products derived from these data.</useconst>
    <ptcontac>
      <cntinfo>
        <cntperp>
          <cntper>Robert Callaghan</cntper>
          <cntorg>U.S. Geological Survey</cntorg>
        </cntperp>
        <cntaddr>
          <addrtype>mailing address</addrtype>
          <address>989 National Center</address>
          <city>Reston</city>
          <state>VA</state>
          <postal>20192</postal>
        </cntaddr>
        <cntvoice>703-648-7709</cntvoice>
        <cntemail>rcallaghan@usgs.gov</cntemail>
      </cntinfo>
    </ptcontac>
    <native>Microsoft Windows XP Version 5.1 (Build 2600) Service Pack 1; ESRI ArcCatalog 9.1.0.722</native>
  </idinfo>
  <dataqual>
    <logic>No tests for logical consistency were performed on this data set.</logic>
    <complete>This data set includes only U.S. mineral and metal operations monitored by the National Minerals Information Center of the U.S. Geological Survey and considered currently active in 2003. No energy minerals operations (for example, coal) are included. Aggregates operations are limited to those producing over 30,000 tons per year in 2002. Peat operations in Alaska are not included. Placer deposits (gold) in Alaska are not included. Clay operations (ball clay, common clay) may have many satellite pits, not all of which are specifically included.  An attempt was made to add locations that may be considered representative of the companies. Not all mines of a company are included.
Plants are limited to operations considered primary -- those which process a mineral or metal to create the first raw material from which products are made.  Downstream operations (operations that reprocess a raw material into another raw material or final product) and recycling operations are not included.</complete>
    <lineage>
      <srcinfo>
        <srccite>
          <citeinfo>
            <origin>U.S. Geological Survey</origin>
            <pubdate>Unpublished Material</pubdate>
            <title>Automated Minerals Information System (AMIS)</title>
          </citeinfo>
        </srccite>
        <typesrc>Internal USGS server</typesrc>
        <srctime>
          <timeinfo>
            <rngdates>
              <begdate>1997</begdate>
              <enddate>2005</enddate>
            </rngdates>
          </timeinfo>
          <srccurr>ground condition</srccurr>
        </srctime>
        <srccitea>AMIS</srccitea>
        <srccontr>Minerals operations descriptions</srccontr>
      </srcinfo>
      <srcinfo>
        <srccite>
          <citeinfo>
            <origin>U.S. Geological Survey</origin>
            <pubdate>2004</pubdate>
            <title>USGS Minerals Yearbook -- 2003</title>
            <onlink>http://minerals.usgs.gov/minerals/</onlink>
          </citeinfo>
        </srccite>
        <typesrc>online</typesrc>
        <srctime>
          <timeinfo>
            <sngdate>
              <caldate>2003</caldate>
            </sngdate>
          </timeinfo>
          <srccurr>ground condition</srccurr>
        </srctime>
        <srccitea>Minerals Yearbook 2003</srccitea>
        <srccontr>The USGS Minerals Yearbook (MYB) contains statistical information on over 90 commodities.  These reviews summarize activity in the commodity.  From tables and other information in the MYB lists of active operations were determined.</srccontr>
      </srcinfo>
      <procstep>
        <procdesc>AMIS contains both proprietary and nonproprietary information. For each commodity, the National Minerals Information Center extracted from AMIS the nonproprietary information useful for this application and placed this information in a separate database. This information includes company name, site name, county, state, and coordinates. This information is reported by the company with the exception of coordinates, which have been added by the MIT in an ongoing process that began in 1997.  Latitude and longitude for each operation was obtained from at least one of the following sources:
Minerals Availability System/Minerals Industry Location System (MAS/MILS) CD-ROM, U.S. Bureau of Mines Special Publication 12-95, web searches using general internet search services (queries by company name or name of the specific operation), company contact, map interpolation, and searches of the EPA database.
Whenever possible the location information was checked for accuracy and added to the AMIS database. After 2003 coordinates being added were checked, or obtained, when possible using USGS air photos available through Microsoft Terraserver. Not all coordinates could be checked; some coordinates are accurate only to county level especially if known operation addresses were post office boxes.</procdesc>
        <srcused>AMIS</srcused>
        <procdate>2005</procdate>
      </procstep>
      <procstep>
        <procdesc>Records extracted from AMIS were compared to information available in the National Minerals Information Center's 2003 Minerals Yearbook and were reviewed by commodity specialists to create the 2003 Active Mines and Plants dataset.</procdesc>
        <srcused>Minerals Yearbook 2003</srcused>
        <procdate>2005</procdate>
      </procstep>
    </lineage>
  </dataqual>
  <spdoinfo>
    <indspref>U.S. Department of Commerce, 1987, Codes for the Identification
of the States, the District of Columbia and the Outlying Areas of
the United States, and Associated Areas FIPS 5-2): Washington, D.C.,
National Institute of Standards and Technology.
U.S. Department of Commerce, 1990, Counties and Equivalent Entities
of the United States, Its Possessions, and Associated Areas,
(FIPS 6-4): Washington, D.C., National Institute of Standards and
Technology.</indspref>
    <direct>Vector</direct>
    <ptvctinf>
      <sdtsterm>
        <sdtstype>Entity point</sdtstype>
        <ptvctcnt>6738</ptvctcnt>
      </sdtsterm>
    </ptvctinf>
  </spdoinfo>
  <spref>
    <horizsys>
      <geograph>
        <latres>0.01</latres>
        <longres>0.01</longres>
        <geogunit>Decimal degrees</geogunit>
      </geograph>
      <geodetic>
        <horizdn>North American Datum of 1927</horizdn>
        <ellips>Clarke 1866</ellips>
        <semiaxis>6378206.400000</semiaxis>
        <denflat>294.978698</denflat>
      </geodetic>
    </horizsys>
  </spref>
  <eainfo>
    <detailed>
      <enttyp>
        <enttypl>Active Mines and Mineral Processing Plants in 2003</enttypl>
        <enttypd>Locations of active mines and mineral processing plants in 2003</enttypd>
        <enttypds>U.S. Geological Survey National Minerals Information Center.</enttypds>
      </enttyp>
      <attr>
        <attrlabl>COMMODITY</attrlabl>
        <attrdef>The mineral(s) and/or metal(s) produced or processed by
the facility.</attrdef>
        <attrdefs>U.S. Geological Survey National Minerals Information Center</attrdefs>
        <attrdomv>
          <codesetd>
            <codesetn>Mineral Commodity Summaries 2006, or http://minerals.usgs.gov/minerals/pubs/mcs/</codesetn>
            <codesets>U.S. Geological Survey, National Minerals Information Center</codesets>
          </codesetd>
        </attrdomv>
      </attr>
      <attr>
        <attrlabl>ID</attrlabl>
        <attrdef>internal feature number</attrdef>
        <attrdefs>U.S. Geological Survey National Minerals Information Center</attrdefs>
        <attrdomv>
          <rdom>
            <rdommin>1</rdommin>
            <rdommax>6842</rdommax>
          </rdom>
        </attrdomv>
      </attr>
      <attr>
        <attrlabl>SITE_NAME</attrlabl>
        <attrdef>Name of the location; may be the name of the mine or plant or the nearest locality</attrdef>
        <attrdefs>U.S. Geological Survey National Minerals Information Center</attrdefs>
        <attrdomv>
          <udom>There is no predefined set of standard site names.</udom>
        </attrdomv>
      </attr>
      <attr>
        <attrlabl>COMPANY_NA</attrlabl>
        <attrdef>The name of the company operating at the location.</attrdef>
        <attrdefs>U.S. Geological Survey National Minerals Information Center</attrdefs>
        <attrdomv>
          <udom>There is no predefined set of standard company names.</udom>
        </attrdomv>
      </attr>
      <attr>
        <attrlabl>STATE_LOCA</attrlabl>
        <attrdef>State in which the site is located</attrdef>
        <attrdefs>U.S. Geological Survey National Minerals Information Center</attrdefs>
        <attrdomv>
          <codesetd>
            <codesetn>U.S. Department of Commerce, 1987, Codes for the Identification of the States, the District of Columbia and the Outlying Areas of the United States, and Associated Areas (Federal Information Processing Standard (FIPS) 5-2): Washington, D.C., National Institute of Standards and Technology.</codesetn>
            <codesets>http://www.itl.nist.gov/fipspubs/</codesets>
          </codesetd>
        </attrdomv>
      </attr>
      <attr>
        <attrlabl>COUNTY</attrlabl>
        <attrdef>County in which the operation is located.</attrdef>
        <attrdefs>U.S. Geological Survey National Minerals Information Center</attrdefs>
        <attrdomv>
          <codesetd>
            <codesetn>U.S. Department of Commerce, 1990, Counties and Equivalent Entities of the United States, Its Possessions, and Associated Areas. (Federal Information Processing Standard (FIPS) 6-4): Washington, D.C., National Institute of Standards and Technology.</codesetn>
            <codesets>http://www.itl.nist.gov/fipspubs/</codesets>
          </codesetd>
        </attrdomv>
      </attr>
      <attr>
        <attrlabl>LATITUDE</attrlabl>
        <attrdef>The latittude of the operation in decimal degrees.</attrdef>
        <attrdefs>U.S. Geological Survey National Minerals Information Center</attrdefs>
        <attrdomv>
          <rdom>
            <rdommin>19</rdommin>
            <rdommax>68</rdommax>
          </rdom>
        </attrdomv>
      </attr>
      <attr>
        <attrlabl>LONGITUDE</attrlabl>
        <attrdef>The longitude of the site in decimal degrees</attrdef>
        <attrdefs>U.S. Geological Survey National Minerals Information Center</attrdefs>
        <attrdomv>
          <rdom>
            <rdommin>-162.865</rdommin>
            <rdommax>-67.659</rdommax>
          </rdom>
        </attrdomv>
      </attr>
      <attr>
        <attrlabl>PLANT_MIN</attrlabl>
        <attrdef>Whether the operation is a mine, a plant, or both</attrdef>
        <attrdefs>U.S. Geological Survey National Minerals Information Center.</attrdefs>
        <attrdomv>
          <edom>
            <edomv>M</edomv>
            <edomvd>The operation is a mine</edomvd>
            <edomvds>U.S. Geological Survey National Minerals Information Center</edomvds>
          </edom>
        </attrdomv>
        <attrdomv>
          <edom>
            <edomv>P</edomv>
            <edomvd>The operation is a plant</edomvd>
            <edomvds>U.S. Geological Survey National Minerals Information Center</edomvds>
          </edom>
        </attrdomv>
        <attrdomv>
          <edom>
            <edomv>M/P</edomv>
            <edomvd>The facility is both a mine and a plant</edomvd>
            <edomvds>U.S. Geological Survey National Minerals Information Center</edomvds>
          </edom>
        </attrdomv>
      </attr>
    </detailed>
  </eainfo>
  <distinfo>
    <distrib>
      <cntinfo>
        <cntperp>
          <cntper>Peter N Schweitzer</cntper>
          <cntorg>USGS Geology, Energy, and Minerals Science Center</cntorg>
        </cntperp>
        <cntpos>Geologist</cntpos>
        <cntaddr>
          <addrtype>mailing address</addrtype>
          <address>12201 Sunrise Valley Drive</address>
          <city>Reston</city>
          <state>VA</state>
          <postal>20192-0002</postal>
          <country>USA</country>
        </cntaddr>
        <cntvoice>703-648-6533</cntvoice>
        <cntfax>703-648-6252</cntfax>
        <cntemail>pschweitzer@usgs.gov</cntemail>
      </cntinfo>
    </distrib>
    <resdesc>Downloadable Data</resdesc>
    <distliab>Although these data have been processed successfully on a computer system at the U.S. Geological Survey, no warranty expressed or implied is made  by the U.S. Geological Survey regarding the utility of the data on any other system, nor shall the act of distribution constitute any such warranty. Coordinates are in some cases accurate only to the county level and must not be used as an authoritative location source for legal purposes.</distliab>
    <stdorder>
      <digform>
        <digtinfo>
          <formname>shapefile</formname>
          <formvern>1.0</formvern>
          <formcont>Mine and plant locations and characteristics</formcont>
          <filedec>unzip</filedec>
        </digtinfo>
        <digtopt>
          <onlinopt>
            <computer>
              <networka>
                <networkr>https://mrdata.usgs.gov/mineplant/mineplant.zip</networkr>
              </networka>
            </computer>
          </onlinopt>
        </digtopt>
      </digform>
      <digform>
        <digtinfo>
          <formname>OGC WMS</formname>
          <formvern>1.3.0</formvern>
          <formcont>Mine or plant locations and characteristics</formcont>
        </digtinfo>
        <digtopt>
          <onlinopt>
            <computer>
              <networka>
                <networkr>https://mrdata.usgs.gov/services/active-mines?request=getcapabilities&amp;service=WMS&amp;version=1.3.0&amp;</networkr>
              </networka>
            </computer>
          </onlinopt>
        </digtopt>
      </digform>
      <digform>
        <digtinfo>
          <formname>OGC WFS</formname>
          <formvern>1.0.0</formvern>
          <formcont>Mine or plant locations and characteristics</formcont>
        </digtinfo>
        <digtopt>
          <onlinopt>
            <computer>
              <networka>
                <networkr>https://mrdata.usgs.gov/wfs/active-mines?request=getcapabilities&amp;service=WFS&amp;version=1.0.0&amp;</networkr>
              </networka>
            </computer>
          </onlinopt>
        </digtopt>
      </digform>
      <fees>none</fees>
    </stdorder>
  </distinfo>
  <metainfo>
    <metd>20201230</metd>
    <metc>
      <cntinfo>
        <cntperp>
          <cntper>Peter N Schweitzer</cntper>
          <cntorg>USGS Geology, Energy, and Minerals Science Center</cntorg>
        </cntperp>
        <cntpos>Geologist</cntpos>
        <cntaddr>
          <addrtype>mailing address</addrtype>
          <address>12201 Sunrise Valley Drive</address>
          <city>Reston</city>
          <state>VA</state>
          <postal>20192-0002</postal>
          <country>USA</country>
        </cntaddr>
        <cntvoice>703-648-6533</cntvoice>
        <cntfax>703-648-6252</cntfax>
        <cntemail>pschweitzer@usgs.gov</cntemail>
      </cntinfo>
    </metc>
    <metstdn>Content Standard for Digital Geospatial Metadata</metstdn>
    <metstdv>FGDC-STD-001-1998</metstdv>
    <mettc>local time</mettc>
  </metainfo>
</metadata>
